title,description,price,category,rating,image_url
Trendy Gold Bracelet,A beautiful Gold bracelet perfect for any occasion.,1528.6,Bracelet,4.9,images/Bracelet.jpg
Trendy Diamond Ring,A beautiful Diamond ring perfect for any occasion.,412.36,Ring,4.5,images/Ring.jpg
Modern Diamond Ring,A beautiful Diamond ring perfect for any occasion.,1581.18,Ring,4.7,images/Ring.jpg
Elegant Gold Bracelet,A beautiful Gold bracelet perfect for any occasion.,416.69,Bracelet,3.2,images/Bracelet.jpg
Pearl Rose Gold Anklet,A beautiful Rose Gold anklet perfect for any occasion.,616.1,Anklet,3.3,images/Anklet.jpg
Trendy Platinum Ring,A beautiful Platinum ring perfect for any occasion.,1451.58,Ring,4.0,images/Ring.jpg
Elegant Pearl Bracelet,A beautiful Pearl bracelet perfect for any occasion.,451.45,Bracelet,3.8,images/Bracelet.jpg
Pearl Gold Ring,A beautiful Gold ring perfect for any occasion.,649.32,Ring,5.0,images/Ring.jpg
Silver Diamond Necklace,A beautiful Diamond necklace perfect for any occasion.,470.63,Necklace,3.5,images/Necklace.jpg
Stylish Gold Necklace,A beautiful Gold necklace perfect for any occasion.,1276.77,Necklace,3.0,images/Necklace.jpg
Trendy Silver Anklet,A beautiful Silver anklet perfect for any occasion.,1044.93,Anklet,3.8,images/Anklet.jpg
Trendy Diamond Necklace,A beautiful Diamond necklace perfect for any occasion.,1304.07,Necklace,4.0,images/Necklace.jpg
Golden Pearl Pendant,A beautiful Pearl pendant perfect for any occasion.,976.29,Pendant,3.1,images/Pendant.jpg
Silver Gold Earrings,A beautiful Gold earrings perfect for any occasion.,734.55,Earrings,3.4,images/Earrings.jpg
Elegant Pearl Pendant,A beautiful Pearl pendant perfect for any occasion.,175.02,Pendant,4.8,images/Pendant.jpg
Elegant Gold Necklace,A beautiful Gold necklace perfect for any occasion.,974.6,Necklace,3.2,images/Necklace.jpg
Modern Diamond Pendant,A beautiful Diamond pendant perfect for any occasion.,1171.72,Pendant,3.8,images/Pendant.jpg
Luxury Platinum Anklet,A beautiful Platinum anklet perfect for any occasion.,231.06,Anklet,3.3,images/Anklet.jpg
Golden Platinum Anklet,A beautiful Platinum anklet perfect for any occasion.,471.54,Anklet,3.9,images/Anklet.jpg
Modern Pearl Earrings,A beautiful Pearl earrings perfect for any occasion.,53.84,Earrings,3.1,images/Earrings.jpg
Classic Platinum Anklet,A beautiful Platinum anklet perfect for any occasion.,851.97,Anklet,3.5,images/Anklet.jpg
Diamond Gold Pendant,A beautiful Gold pendant perfect for any occasion.,1367.61,Pendant,3.4,images/Pendant.jpg
Trendy Gold Ring,A beautiful Gold ring perfect for any occasion.,1810.31,Ring,4.7,images/Ring.jpg
Elegant Silver Earrings,A beautiful Silver earrings perfect for any occasion.,1853.81,Earrings,3.1,images/Earrings.jpg
Diamond Rose Gold Necklace,A beautiful Rose Gold necklace perfect for any occasion.,704.88,Necklace,4.0,images/Necklace.jpg
Silver Diamond Earrings,A beautiful Diamond earrings perfect for any occasion.,628.97,Earrings,3.9,images/Earrings.jpg
Silver Rose Gold Pendant,A beautiful Rose Gold pendant perfect for any occasion.,904.27,Pendant,3.4,images/Pendant.jpg
Stylish Pearl Anklet,A beautiful Pearl anklet perfect for any occasion.,1244.19,Anklet,4.4,images/Anklet.jpg
Modern Gold Earrings,A beautiful Gold earrings perfect for any occasion.,993.28,Earrings,3.8,images/Earrings.jpg
Diamond Pearl Ring,A beautiful Pearl ring perfect for any occasion.,1183.47,Ring,4.2,images/Ring.jpg
Pearl Silver Anklet,A beautiful Silver anklet perfect for any occasion.,1633.03,Anklet,3.6,images/Anklet.jpg
Golden Diamond Anklet,A beautiful Diamond anklet perfect for any occasion.,1754.49,Anklet,3.0,images/Anklet.jpg
Modern Rose Gold Earrings,A beautiful Rose Gold earrings perfect for any occasion.,1433.68,Earrings,3.7,images/Earrings.jpg
Classic Platinum Ring,A beautiful Platinum ring perfect for any occasion.,1759.84,Ring,4.1,images/Ring.jpg
Trendy Pearl Pendant,A beautiful Pearl pendant perfect for any occasion.,1751.36,Pendant,4.8,images/Pendant.jpg
Diamond Pearl Earrings,A beautiful Pearl earrings perfect for any occasion.,1407.76,Earrings,3.7,images/Earrings.jpg
Golden Platinum Pendant,A beautiful Platinum pendant perfect for any occasion.,73.47,Pendant,4.9,images/Pendant.jpg
Golden Silver Pendant,A beautiful Silver pendant perfect for any occasion.,630.03,Pendant,4.5,images/Pendant.jpg
Golden Gold Ring,A beautiful Gold ring perfect for any occasion.,833.39,Ring,3.9,images/Ring.jpg
Pearl Rose Gold Pendant,A beautiful Rose Gold pendant perfect for any occasion.,1111.3,Pendant,3.9,images/Pendant.jpg
Diamond Pearl Necklace,A beautiful Pearl necklace perfect for any occasion.,804.6,Necklace,3.9,images/Necklace.jpg
Classic Pearl Bracelet,A beautiful Pearl bracelet perfect for any occasion.,611.74,Bracelet,3.9,images/Bracelet.jpg
Diamond Rose Gold Necklace,A beautiful Rose Gold necklace perfect for any occasion.,1149.93,Necklace,4.0,images/Necklace.jpg
Stylish Gold Anklet,A beautiful Gold anklet perfect for any occasion.,1036.72,Anklet,3.8,images/Anklet.jpg
Golden Pearl Earrings,A beautiful Pearl earrings perfect for any occasion.,311.27,Earrings,4.4,images/Earrings.jpg
Golden Rose Gold Ring,A beautiful Rose Gold ring perfect for any occasion.,78.45,Ring,3.1,images/Ring.jpg
Pearl Silver Earrings,A beautiful Silver earrings perfect for any occasion.,610.45,Earrings,3.2,images/Earrings.jpg
Diamond Gold Ring,A beautiful Gold ring perfect for any occasion.,497.51,Ring,3.5,images/Ring.jpg
Silver Silver Earrings,A beautiful Silver earrings perfect for any occasion.,391.16,Earrings,4.9,images/Earrings.jpg
Elegant Silver Pendant,A beautiful Silver pendant perfect for any occasion.,130.14,Pendant,3.4,images/Pendant.jpg
Stylish Diamond Pendant,A beautiful Diamond pendant perfect for any occasion.,1783.06,Pendant,5.0,images/Pendant.jpg
Golden Rose Gold Earrings,A beautiful Rose Gold earrings perfect for any occasion.,768.17,Earrings,3.8,images/Earrings.jpg
Modern Rose Gold Earrings,A beautiful Rose Gold earrings perfect for any occasion.,86.69,Earrings,4.3,images/Earrings.jpg
Silver Platinum Ring,A beautiful Platinum ring perfect for any occasion.,1466.52,Ring,4.6,images/Ring.jpg
Luxury Gold Necklace,A beautiful Gold necklace perfect for any occasion.,914.81,Necklace,3.1,images/Necklace.jpg
Elegant Platinum Pendant,A beautiful Platinum pendant perfect for any occasion.,1973.18,Pendant,4.8,images/Pendant.jpg
Pearl Rose Gold Earrings,A beautiful Rose Gold earrings perfect for any occasion.,568.94,Earrings,3.4,images/Earrings.jpg
Diamond Gold Pendant,A beautiful Gold pendant perfect for any occasion.,991.52,Pendant,4.8,images/Pendant.jpg
Pearl Platinum Earrings,A beautiful Platinum earrings perfect for any occasion.,950.14,Earrings,3.0,images/Earrings.jpg
Trendy Silver Anklet,A beautiful Silver anklet perfect for any occasion.,1978.8,Anklet,5.0,images/Anklet.jpg
Trendy Silver Bracelet,A beautiful Silver bracelet perfect for any occasion.,1431.39,Bracelet,4.2,images/Bracelet.jpg
Diamond Silver Earrings,A beautiful Silver earrings perfect for any occasion.,1981.56,Earrings,3.6,images/Earrings.jpg
Silver Platinum Bracelet,A beautiful Platinum bracelet perfect for any occasion.,1144.8,Bracelet,3.3,images/Bracelet.jpg
Golden Gold Anklet,A beautiful Gold anklet perfect for any occasion.,963.28,Anklet,4.2,images/Anklet.jpg
Golden Pearl Ring,A beautiful Pearl ring perfect for any occasion.,1979.52,Ring,3.8,images/Ring.jpg
Elegant Rose Gold Necklace,A beautiful Rose Gold necklace perfect for any occasion.,1255.68,Necklace,4.9,images/Necklace.jpg
Silver Platinum Pendant,A beautiful Platinum pendant perfect for any occasion.,305.86,Pendant,3.0,images/Pendant.jpg
Elegant Rose Gold Earrings,A beautiful Rose Gold earrings perfect for any occasion.,1969.13,Earrings,4.6,images/Earrings.jpg
Stylish Diamond Bracelet,A beautiful Diamond bracelet perfect for any occasion.,1221.65,Bracelet,4.8,images/Bracelet.jpg
Luxury Silver Anklet,A beautiful Silver anklet perfect for any occasion.,160.2,Anklet,4.4,images/Anklet.jpg
Diamond Silver Necklace,A beautiful Silver necklace perfect for any occasion.,1751.27,Necklace,4.8,images/Necklace.jpg
Diamond Pearl Earrings,A beautiful Pearl earrings perfect for any occasion.,1340.8,Earrings,3.5,images/Earrings.jpg
Diamond Platinum Ring,A beautiful Platinum ring perfect for any occasion.,307.07,Ring,4.9,images/Ring.jpg
Luxury Gold Pendant,A beautiful Gold pendant perfect for any occasion.,1938.37,Pendant,4.7,images/Pendant.jpg
Stylish Platinum Pendant,A beautiful Platinum pendant perfect for any occasion.,1283.72,Pendant,4.0,images/Pendant.jpg
Modern Pearl Ring,A beautiful Pearl ring perfect for any occasion.,857.31,Ring,3.2,images/Ring.jpg
Pearl Gold Bracelet,A beautiful Gold bracelet perfect for any occasion.,785.96,Bracelet,4.3,images/Bracelet.jpg
Silver Platinum Anklet,A beautiful Platinum anklet perfect for any occasion.,1225.66,Anklet,3.4,images/Anklet.jpg
Pearl Gold Ring,A beautiful Gold ring perfect for any occasion.,1015.42,Ring,4.5,images/Ring.jpg
Stylish Silver Bracelet,A beautiful Silver bracelet perfect for any occasion.,1591.24,Bracelet,3.5,images/Bracelet.jpg
Stylish Pearl Bracelet,A beautiful Pearl bracelet perfect for any occasion.,1421.17,Bracelet,3.9,images/Bracelet.jpg
Stylish Pearl Anklet,A beautiful Pearl anklet perfect for any occasion.,643.32,Anklet,3.5,images/Anklet.jpg
Elegant Rose Gold Bracelet,A beautiful Rose Gold bracelet perfect for any occasion.,533.56,Bracelet,3.3,images/Bracelet.jpg
Pearl Platinum Necklace,A beautiful Platinum necklace perfect for any occasion.,1411.07,Necklace,3.1,images/Necklace.jpg
Modern Diamond Bracelet,A beautiful Diamond bracelet perfect for any occasion.,1029.34,Bracelet,3.7,images/Bracelet.jpg
Trendy Silver Necklace,A beautiful Silver necklace perfect for any occasion.,1295.7,Necklace,4.4,images/Necklace.jpg
Modern Pearl Ring,A beautiful Pearl ring perfect for any occasion.,1307.19,Ring,5.0,images/Ring.jpg
Trendy Gold Necklace,A beautiful Gold necklace perfect for any occasion.,1103.76,Necklace,4.9,images/Necklace.jpg
Silver Rose Gold Pendant,A beautiful Rose Gold pendant perfect for any occasion.,258.41,Pendant,3.6,images/Pendant.jpg
Modern Diamond Pendant,A beautiful Diamond pendant perfect for any occasion.,968.97,Pendant,4.3,images/Pendant.jpg
Trendy Pearl Necklace,A beautiful Pearl necklace perfect for any occasion.,171.36,Necklace,4.9,images/Necklace.jpg
Stylish Gold Anklet,A beautiful Gold anklet perfect for any occasion.,1793.52,Anklet,3.6,images/Anklet.jpg
Modern Pearl Necklace,A beautiful Pearl necklace perfect for any occasion.,236.56,Necklace,4.8,images/Necklace.jpg
Elegant Rose Gold Ring,A beautiful Rose Gold ring perfect for any occasion.,1885.31,Ring,4.8,images/Ring.jpg
Classic Pearl Ring,A beautiful Pearl ring perfect for any occasion.,1652.35,Ring,3.3,images/Ring.jpg
Silver Gold Anklet,A beautiful Gold anklet perfect for any occasion.,1637.12,Anklet,4.9,images/Anklet.jpg
Diamond Gold Pendant,A beautiful Gold pendant perfect for any occasion.,1452.13,Pendant,4.2,images/Pendant.jpg
Pearl Platinum Earrings,A beautiful Platinum earrings perfect for any occasion.,838.23,Earrings,4.7,images/Earrings.jpg
Stylish Pearl Bracelet,A beautiful Pearl bracelet perfect for any occasion.,1076.14,Bracelet,4.6,images/Bracelet.jpg
Pearl Rose Gold Necklace,A beautiful Rose Gold necklace perfect for any occasion.,483.46,Necklace,4.3,images/Necklace.jpg
Stylish Pearl Ring,A beautiful Pearl ring perfect for any occasion.,860.37,Ring,3.1,images/Ring.jpg
Trendy Silver Anklet,A beautiful Silver anklet perfect for any occasion.,206.19,Anklet,3.9,images/Anklet.jpg
Diamond Platinum Bracelet,A beautiful Platinum bracelet perfect for any occasion.,721.77,Bracelet,3.9,images/Bracelet.jpg
Golden Rose Gold Ring,A beautiful Rose Gold ring perfect for any occasion.,1442.53,Ring,4.6,images/Ring.jpg
Luxury Silver Pendant,A beautiful Silver pendant perfect for any occasion.,494.37,Pendant,3.4,images/Pendant.jpg
Golden Gold Pendant,A beautiful Gold pendant perfect for any occasion.,763.32,Pendant,3.5,images/Pendant.jpg
Stylish Rose Gold Earrings,A beautiful Rose Gold earrings perfect for any occasion.,465.12,Earrings,4.5,images/Earrings.jpg
Elegant Platinum Pendant,A beautiful Platinum pendant perfect for any occasion.,1552.46,Pendant,4.7,images/Pendant.jpg
Diamond Pearl Earrings,A beautiful Pearl earrings perfect for any occasion.,386.25,Earrings,3.2,images/Earrings.jpg
Modern Platinum Pendant,A beautiful Platinum pendant perfect for any occasion.,1524.77,Pendant,5.0,images/Pendant.jpg
Luxury Pearl Bracelet,A beautiful Pearl bracelet perfect for any occasion.,580.0,Bracelet,3.9,images/Bracelet.jpg
Modern Silver Anklet,A beautiful Silver anklet perfect for any occasion.,1284.86,Anklet,4.4,images/Anklet.jpg
Pearl Gold Earrings,A beautiful Gold earrings perfect for any occasion.,1063.57,Earrings,3.6,images/Earrings.jpg
Elegant Gold Earrings,A beautiful Gold earrings perfect for any occasion.,1988.45,Earrings,4.4,images/Earrings.jpg
Luxury Diamond Earrings,A beautiful Diamond earrings perfect for any occasion.,509.09,Earrings,3.7,images/Earrings.jpg
Elegant Diamond Anklet,A beautiful Diamond anklet perfect for any occasion.,1926.43,Anklet,3.5,images/Anklet.jpg
Modern Rose Gold Earrings,A beautiful Rose Gold earrings perfect for any occasion.,1074.82,Earrings,3.8,images/Earrings.jpg
Luxury Rose Gold Pendant,A beautiful Rose Gold pendant perfect for any occasion.,1716.86,Pendant,3.1,images/Pendant.jpg
Modern Gold Ring,A beautiful Gold ring perfect for any occasion.,1927.22,Ring,3.2,images/Ring.jpg
Trendy Platinum Earrings,A beautiful Platinum earrings perfect for any occasion.,1886.13,Earrings,3.2,images/Earrings.jpg
Elegant Pearl Earrings,A beautiful Pearl earrings perfect for any occasion.,1538.2,Earrings,3.8,images/Earrings.jpg
Luxury Pearl Earrings,A beautiful Pearl earrings perfect for any occasion.,1732.13,Earrings,4.4,images/Earrings.jpg
Elegant Silver Earrings,A beautiful Silver earrings perfect for any occasion.,1555.83,Earrings,4.7,images/Earrings.jpg
Modern Gold Earrings,A beautiful Gold earrings perfect for any occasion.,1721.96,Earrings,3.3,images/Earrings.jpg
Trendy Gold Earrings,A beautiful Gold earrings perfect for any occasion.,752.42,Earrings,3.9,images/Earrings.jpg
Luxury Pearl Ring,A beautiful Pearl ring perfect for any occasion.,60.51,Ring,4.3,images/Ring.jpg
Silver Rose Gold Ring,A beautiful Rose Gold ring perfect for any occasion.,577.77,Ring,3.9,images/Ring.jpg
Golden Gold Necklace,A beautiful Gold necklace perfect for any occasion.,521.04,Necklace,5.0,images/Necklace.jpg
Silver Silver Bracelet,A beautiful Silver bracelet perfect for any occasion.,864.65,Bracelet,4.5,images/Bracelet.jpg
Elegant Pearl Pendant,A beautiful Pearl pendant perfect for any occasion.,1555.26,Pendant,3.5,images/Pendant.jpg
Golden Pearl Pendant,A beautiful Pearl pendant perfect for any occasion.,1008.92,Pendant,4.1,images/Pendant.jpg
Modern Rose Gold Earrings,A beautiful Rose Gold earrings perfect for any occasion.,450.98,Earrings,3.8,images/Earrings.jpg
Classic Silver Anklet,A beautiful Silver anklet perfect for any occasion.,999.95,Anklet,5.0,images/Anklet.jpg
Trendy Platinum Earrings,A beautiful Platinum earrings perfect for any occasion.,1694.14,Earrings,4.5,images/Earrings.jpg
Luxury Diamond Pendant,A beautiful Diamond pendant perfect for any occasion.,1810.54,Pendant,5.0,images/Pendant.jpg
Modern Diamond Earrings,A beautiful Diamond earrings perfect for any occasion.,872.05,Earrings,3.3,images/Earrings.jpg
Silver Pearl Necklace,A beautiful Pearl necklace perfect for any occasion.,1395.13,Necklace,4.6,images/Necklace.jpg
Diamond Gold Anklet,A beautiful Gold anklet perfect for any occasion.,1625.62,Anklet,3.4,images/Anklet.jpg
Golden Pearl Ring,A beautiful Pearl ring perfect for any occasion.,1117.8,Ring,3.6,images/Ring.jpg
Silver Silver Anklet,A beautiful Silver anklet perfect for any occasion.,1361.43,Anklet,3.1,images/Anklet.jpg
Pearl Pearl Ring,A beautiful Pearl ring perfect for any occasion.,1095.93,Ring,4.3,images/Ring.jpg
Stylish Platinum Earrings,A beautiful Platinum earrings perfect for any occasion.,1301.98,Earrings,4.7,images/Earrings.jpg
Luxury Gold Anklet,A beautiful Gold anklet perfect for any occasion.,1508.93,Anklet,4.4,images/Anklet.jpg
Trendy Diamond Anklet,A beautiful Diamond anklet perfect for any occasion.,1277.25,Anklet,4.8,images/Anklet.jpg
Silver Platinum Pendant,A beautiful Platinum pendant perfect for any occasion.,1683.75,Pendant,3.8,images/Pendant.jpg
Stylish Silver Pendant,A beautiful Silver pendant perfect for any occasion.,1043.79,Pendant,3.0,images/Pendant.jpg
Modern Pearl Bracelet,A beautiful Pearl bracelet perfect for any occasion.,423.22,Bracelet,3.3,images/Bracelet.jpg
Luxury Gold Anklet,A beautiful Gold anklet perfect for any occasion.,564.28,Anklet,4.1,images/Anklet.jpg
Silver Platinum Ring,A beautiful Platinum ring perfect for any occasion.,1509.97,Ring,5.0,images/Ring.jpg
Classic Pearl Bracelet,A beautiful Pearl bracelet perfect for any occasion.,95.49,Bracelet,3.2,images/Bracelet.jpg
Diamond Pearl Bracelet,A beautiful Pearl bracelet perfect for any occasion.,335.56,Bracelet,3.6,images/Bracelet.jpg
Elegant Diamond Anklet,A beautiful Diamond anklet perfect for any occasion.,91.51,Anklet,4.9,images/Anklet.jpg
Stylish Diamond Earrings,A beautiful Diamond earrings perfect for any occasion.,1630.01,Earrings,4.3,images/Earrings.jpg
Pearl Silver Ring,A beautiful Silver ring perfect for any occasion.,1980.76,Ring,4.2,images/Ring.jpg
Stylish Gold Earrings,A beautiful Gold earrings perfect for any occasion.,1612.24,Earrings,4.0,images/Earrings.jpg
Classic Platinum Necklace,A beautiful Platinum necklace perfect for any occasion.,143.26,Necklace,3.0,images/Necklace.jpg
Trendy Diamond Ring,A beautiful Diamond ring perfect for any occasion.,672.83,Ring,4.8,images/Ring.jpg
Trendy Platinum Pendant,A beautiful Platinum pendant perfect for any occasion.,121.41,Pendant,4.3,images/Pendant.jpg
Trendy Platinum Pendant,A beautiful Platinum pendant perfect for any occasion.,1589.71,Pendant,4.0,images/Pendant.jpg
Diamond Rose Gold Anklet,A beautiful Rose Gold anklet perfect for any occasion.,1933.19,Anklet,4.8,images/Anklet.jpg
Luxury Gold Anklet,A beautiful Gold anklet perfect for any occasion.,997.15,Anklet,3.1,images/Anklet.jpg
Elegant Pearl Ring,A beautiful Pearl ring perfect for any occasion.,1020.77,Ring,4.0,images/Ring.jpg
Trendy Rose Gold Earrings,A beautiful Rose Gold earrings perfect for any occasion.,1651.44,Earrings,3.6,images/Earrings.jpg
Luxury Diamond Bracelet,A beautiful Diamond bracelet perfect for any occasion.,1837.56,Bracelet,5.0,images/Bracelet.jpg
Luxury Gold Anklet,A beautiful Gold anklet perfect for any occasion.,1438.67,Anklet,4.0,images/Anklet.jpg
Luxury Diamond Pendant,A beautiful Diamond pendant perfect for any occasion.,1571.57,Pendant,3.1,images/Pendant.jpg
Modern Rose Gold Necklace,A beautiful Rose Gold necklace perfect for any occasion.,778.47,Necklace,4.5,images/Necklace.jpg
Golden Diamond Ring,A beautiful Diamond ring perfect for any occasion.,1287.91,Ring,4.2,images/Ring.jpg
Silver Platinum Pendant,A beautiful Platinum pendant perfect for any occasion.,523.08,Pendant,4.2,images/Pendant.jpg
Silver Pearl Necklace,A beautiful Pearl necklace perfect for any occasion.,1227.05,Necklace,3.2,images/Necklace.jpg
Silver Diamond Earrings,A beautiful Diamond earrings perfect for any occasion.,113.36,Earrings,4.0,images/Earrings.jpg
Silver Silver Necklace,A beautiful Silver necklace perfect for any occasion.,852.64,Necklace,4.8,images/Necklace.jpg
Silver Gold Ring,A beautiful Gold ring perfect for any occasion.,1018.64,Ring,4.8,images/Ring.jpg
Trendy Gold Ring,A beautiful Gold ring perfect for any occasion.,324.77,Ring,4.5,images/Ring.jpg
Trendy Rose Gold Bracelet,A beautiful Rose Gold bracelet perfect for any occasion.,1107.71,Bracelet,4.2,images/Bracelet.jpg
Luxury Pearl Necklace,A beautiful Pearl necklace perfect for any occasion.,1440.47,Necklace,3.6,images/Necklace.jpg
Trendy Diamond Pendant,A beautiful Diamond pendant perfect for any occasion.,533.03,Pendant,3.4,images/Pendant.jpg
Trendy Rose Gold Bracelet,A beautiful Rose Gold bracelet perfect for any occasion.,450.21,Bracelet,4.0,images/Bracelet.jpg
Diamond Gold Necklace,A beautiful Gold necklace perfect for any occasion.,1411.9,Necklace,3.4,images/Necklace.jpg
Silver Gold Ring,A beautiful Gold ring perfect for any occasion.,1933.99,Ring,4.6,images/Ring.jpg
Pearl Rose Gold Anklet,A beautiful Rose Gold anklet perfect for any occasion.,1529.65,Anklet,4.3,images/Anklet.jpg
Golden Platinum Necklace,A beautiful Platinum necklace perfect for any occasion.,377.76,Necklace,3.7,images/Necklace.jpg
Golden Gold Bracelet,A beautiful Gold bracelet perfect for any occasion.,1921.24,Bracelet,4.1,images/Bracelet.jpg
Elegant Platinum Earrings,A beautiful Platinum earrings perfect for any occasion.,1588.01,Earrings,4.2,images/Earrings.jpg
Luxury Silver Ring,A beautiful Silver ring perfect for any occasion.,632.88,Ring,4.5,images/Ring.jpg
Elegant Platinum Necklace,A beautiful Platinum necklace perfect for any occasion.,1392.22,Necklace,4.7,images/Necklace.jpg
Stylish Gold Bracelet,A beautiful Gold bracelet perfect for any occasion.,590.82,Bracelet,3.7,images/Bracelet.jpg
Stylish Platinum Bracelet,A beautiful Platinum bracelet perfect for any occasion.,446.11,Bracelet,4.1,images/Bracelet.jpg
Silver Pearl Anklet,A beautiful Pearl anklet perfect for any occasion.,731.18,Anklet,3.2,images/Anklet.jpg
Modern Rose Gold Anklet,A beautiful Rose Gold anklet perfect for any occasion.,1768.53,Anklet,3.6,images/Anklet.jpg
Luxury Gold Pendant,A beautiful Gold pendant perfect for any occasion.,976.23,Pendant,4.7,images/Pendant.jpg
Golden Pearl Bracelet,A beautiful Pearl bracelet perfect for any occasion.,479.89,Bracelet,4.0,images/Bracelet.jpg
Elegant Silver Anklet,A beautiful Silver anklet perfect for any occasion.,1357.28,Anklet,4.7,images/Anklet.jpg
Modern Pearl Ring,A beautiful Pearl ring perfect for any occasion.,341.72,Ring,3.4,images/Ring.jpg
Pearl Silver Anklet,A beautiful Silver anklet perfect for any occasion.,1750.13,Anklet,4.1,images/Anklet.jpg
Trendy Gold Ring,A beautiful Gold ring perfect for any occasion.,1286.62,Ring,3.6,images/Ring.jpg
Elegant Pearl Earrings,A beautiful Pearl earrings perfect for any occasion.,619.52,Earrings,4.7,images/Earrings.jpg
Elegant Pearl Ring,A beautiful Pearl ring perfect for any occasion.,1116.81,Ring,4.3,images/Ring.jpg
Silver Silver Ring,A beautiful Silver ring perfect for any occasion.,189.35,Ring,3.7,images/Ring.jpg
Luxury Rose Gold Anklet,A beautiful Rose Gold anklet perfect for any occasion.,1643.68,Anklet,3.2,images/Anklet.jpg
Luxury Pearl Earrings,A beautiful Pearl earrings perfect for any occasion.,706.24,Earrings,3.6,images/Earrings.jpg
Elegant Rose Gold Bracelet,A beautiful Rose Gold bracelet perfect for any occasion.,1741.27,Bracelet,4.6,images/Bracelet.jpg
Pearl Diamond Anklet,A beautiful Diamond anklet perfect for any occasion.,1789.77,Anklet,3.4,images/Anklet.jpg
Modern Diamond Anklet,A beautiful Diamond anklet perfect for any occasion.,858.64,Anklet,3.8,images/Anklet.jpg
Silver Gold Pendant,A beautiful Gold pendant perfect for any occasion.,221.45,Pendant,4.1,images/Pendant.jpg
Classic Diamond Pendant,A beautiful Diamond pendant perfect for any occasion.,523.41,Pendant,4.5,images/Pendant.jpg
Golden Gold Anklet,A beautiful Gold anklet perfect for any occasion.,1324.45,Anklet,3.3,images/Anklet.jpg
Elegant Diamond Necklace,A beautiful Diamond necklace perfect for any occasion.,955.74,Necklace,3.8,images/Necklace.jpg
Classic Platinum Pendant,A beautiful Platinum pendant perfect for any occasion.,87.34,Pendant,3.4,images/Pendant.jpg
Trendy Rose Gold Pendant,A beautiful Rose Gold pendant perfect for any occasion.,965.16,Pendant,3.1,images/Pendant.jpg
Modern Silver Ring,A beautiful Silver ring perfect for any occasion.,351.26,Ring,3.2,images/Ring.jpg
Diamond Silver Anklet,A beautiful Silver anklet perfect for any occasion.,81.83,Anklet,4.6,images/Anklet.jpg
Stylish Rose Gold Necklace,A beautiful Rose Gold necklace perfect for any occasion.,1228.36,Necklace,4.5,images/Necklace.jpg
Stylish Platinum Earrings,A beautiful Platinum earrings perfect for any occasion.,1999.47,Earrings,3.5,images/Earrings.jpg
Silver Gold Earrings,A beautiful Gold earrings perfect for any occasion.,684.1,Earrings,3.3,images/Earrings.jpg
Trendy Platinum Anklet,A beautiful Platinum anklet perfect for any occasion.,1317.27,Anklet,3.1,images/Anklet.jpg
Stylish Gold Anklet,A beautiful Gold anklet perfect for any occasion.,1567.51,Anklet,3.1,images/Anklet.jpg
Trendy Pearl Earrings,A beautiful Pearl earrings perfect for any occasion.,695.03,Earrings,3.6,images/Earrings.jpg
Silver Silver Bracelet,A beautiful Silver bracelet perfect for any occasion.,56.51,Bracelet,3.7,images/Bracelet.jpg
Silver Rose Gold Earrings,A beautiful Rose Gold earrings perfect for any occasion.,536.73,Earrings,4.6,images/Earrings.jpg
Trendy Diamond Bracelet,A beautiful Diamond bracelet perfect for any occasion.,1587.35,Bracelet,4.8,images/Bracelet.jpg
Modern Silver Earrings,A beautiful Silver earrings perfect for any occasion.,1681.3,Earrings,4.9,images/Earrings.jpg
Elegant Platinum Pendant,A beautiful Platinum pendant perfect for any occasion.,1243.24,Pendant,4.7,images/Pendant.jpg
Modern Silver Bracelet,A beautiful Silver bracelet perfect for any occasion.,1290.44,Bracelet,4.2,images/Bracelet.jpg
Diamond Platinum Pendant,A beautiful Platinum pendant perfect for any occasion.,631.65,Pendant,4.4,images/Pendant.jpg
Stylish Pearl Bracelet,A beautiful Pearl bracelet perfect for any occasion.,202.54,Bracelet,4.1,images/Bracelet.jpg
Elegant Gold Ring,A beautiful Gold ring perfect for any occasion.,226.44,Ring,4.4,images/Ring.jpg
Silver Rose Gold Bracelet,A beautiful Rose Gold bracelet perfect for any occasion.,571.39,Bracelet,3.2,images/Bracelet.jpg
Elegant Pearl Bracelet,A beautiful Pearl bracelet perfect for any occasion.,873.56,Bracelet,4.4,images/Bracelet.jpg
Trendy Rose Gold Necklace,A beautiful Rose Gold necklace perfect for any occasion.,732.98,Necklace,3.5,images/Necklace.jpg
Trendy Diamond Necklace,A beautiful Diamond necklace perfect for any occasion.,482.0,Necklace,3.6,images/Necklace.jpg
Diamond Gold Anklet,A beautiful Gold anklet perfect for any occasion.,1823.53,Anklet,3.6,images/Anklet.jpg
Elegant Gold Pendant,A beautiful Gold pendant perfect for any occasion.,1669.56,Pendant,3.1,images/Pendant.jpg
Golden Gold Earrings,A beautiful Gold earrings perfect for any occasion.,1640.49,Earrings,4.1,images/Earrings.jpg
Silver Pearl Anklet,A beautiful Pearl anklet perfect for any occasion.,1083.35,Anklet,4.3,images/Anklet.jpg
Trendy Diamond Pendant,A beautiful Diamond pendant perfect for any occasion.,947.46,Pendant,3.8,images/Pendant.jpg
Diamond Rose Gold Bracelet,A beautiful Rose Gold bracelet perfect for any occasion.,195.53,Bracelet,4.5,images/Bracelet.jpg
Stylish Pearl Anklet,A beautiful Pearl anklet perfect for any occasion.,180.29,Anklet,3.2,images/Anklet.jpg
Diamond Gold Bracelet,A beautiful Gold bracelet perfect for any occasion.,1050.6,Bracelet,3.5,images/Bracelet.jpg
Diamond Pearl Bracelet,A beautiful Pearl bracelet perfect for any occasion.,297.52,Bracelet,3.1,images/Bracelet.jpg
Silver Gold Ring,A beautiful Gold ring perfect for any occasion.,1759.09,Ring,3.5,images/Ring.jpg
Stylish Rose Gold Necklace,A beautiful Rose Gold necklace perfect for any occasion.,1274.92,Necklace,3.7,images/Necklace.jpg
Silver Pearl Anklet,A beautiful Pearl anklet perfect for any occasion.,1302.16,Anklet,4.4,images/Anklet.jpg
Luxury Diamond Pendant,A beautiful Diamond pendant perfect for any occasion.,985.65,Pendant,3.6,images/Pendant.jpg
Luxury Gold Ring,A beautiful Gold ring perfect for any occasion.,924.52,Ring,4.6,images/Ring.jpg
Stylish Gold Anklet,A beautiful Gold anklet perfect for any occasion.,1119.59,Anklet,3.0,images/Anklet.jpg
Pearl Diamond Earrings,A beautiful Diamond earrings perfect for any occasion.,1548.69,Earrings,4.9,images/Earrings.jpg
Diamond Diamond Pendant,A beautiful Diamond pendant perfect for any occasion.,1905.12,Pendant,3.2,images/Pendant.jpg
Elegant Pearl Earrings,A beautiful Pearl earrings perfect for any occasion.,343.11,Earrings,3.8,images/Earrings.jpg
Pearl Diamond Bracelet,A beautiful Diamond bracelet perfect for any occasion.,1199.34,Bracelet,3.5,images/Bracelet.jpg
Pearl Pearl Pendant,A beautiful Pearl pendant perfect for any occasion.,1372.99,Pendant,4.0,images/Pendant.jpg
Pearl Rose Gold Pendant,A beautiful Rose Gold pendant perfect for any occasion.,459.06,Pendant,3.6,images/Pendant.jpg
Modern Diamond Pendant,A beautiful Diamond pendant perfect for any occasion.,1185.1,Pendant,3.5,images/Pendant.jpg
Silver Platinum Bracelet,A beautiful Platinum bracelet perfect for any occasion.,1268.12,Bracelet,5.0,images/Bracelet.jpg
Trendy Pearl Bracelet,A beautiful Pearl bracelet perfect for any occasion.,1510.25,Bracelet,4.4,images/Bracelet.jpg
Modern Platinum Pendant,A beautiful Platinum pendant perfect for any occasion.,649.76,Pendant,3.4,images/Pendant.jpg
Modern Silver Anklet,A beautiful Silver anklet perfect for any occasion.,1327.4,Anklet,3.4,images/Anklet.jpg
Diamond Silver Earrings,A beautiful Silver earrings perfect for any occasion.,352.61,Earrings,3.4,images/Earrings.jpg
Luxury Platinum Necklace,A beautiful Platinum necklace perfect for any occasion.,416.49,Necklace,3.3,images/Necklace.jpg
Diamond Diamond Necklace,A beautiful Diamond necklace perfect for any occasion.,1520.24,Necklace,4.8,images/Necklace.jpg
Pearl Silver Ring,A beautiful Silver ring perfect for any occasion.,1852.34,Ring,3.4,images/Ring.jpg
Stylish Gold Pendant,A beautiful Gold pendant perfect for any occasion.,588.23,Pendant,4.4,images/Pendant.jpg
Classic Diamond Anklet,A beautiful Diamond anklet perfect for any occasion.,1001.86,Anklet,3.9,images/Anklet.jpg
Elegant Rose Gold Earrings,A beautiful Rose Gold earrings perfect for any occasion.,1206.86,Earrings,4.3,images/Earrings.jpg
Classic Gold Anklet,A beautiful Gold anklet perfect for any occasion.,262.88,Anklet,3.5,images/Anklet.jpg
Classic Gold Ring,A beautiful Gold ring perfect for any occasion.,1690.19,Ring,4.6,images/Ring.jpg
Pearl Pearl Earrings,A beautiful Pearl earrings perfect for any occasion.,479.63,Earrings,4.7,images/Earrings.jpg
Diamond Rose Gold Earrings,A beautiful Rose Gold earrings perfect for any occasion.,1340.29,Earrings,4.4,images/Earrings.jpg
Modern Platinum Pendant,A beautiful Platinum pendant perfect for any occasion.,1424.36,Pendant,3.4,images/Pendant.jpg
Pearl Platinum Necklace,A beautiful Platinum necklace perfect for any occasion.,1837.4,Necklace,3.7,images/Necklace.jpg
Pearl Pearl Anklet,A beautiful Pearl anklet perfect for any occasion.,377.7,Anklet,4.3,images/Anklet.jpg
Golden Pearl Pendant,A beautiful Pearl pendant perfect for any occasion.,1703.19,Pendant,5.0,images/Pendant.jpg
Luxury Diamond Earrings,A beautiful Diamond earrings perfect for any occasion.,771.4,Earrings,4.4,images/Earrings.jpg
Pearl Pearl Necklace,A beautiful Pearl necklace perfect for any occasion.,967.49,Necklace,4.0,images/Necklace.jpg
Classic Diamond Anklet,A beautiful Diamond anklet perfect for any occasion.,1551.78,Anklet,3.2,images/Anklet.jpg
Stylish Pearl Bracelet,A beautiful Pearl bracelet perfect for any occasion.,1701.38,Bracelet,4.8,images/Bracelet.jpg
Silver Rose Gold Necklace,A beautiful Rose Gold necklace perfect for any occasion.,1665.66,Necklace,4.5,images/Necklace.jpg
Pearl Platinum Necklace,A beautiful Platinum necklace perfect for any occasion.,1217.92,Necklace,3.4,images/Necklace.jpg
Pearl Diamond Necklace,A beautiful Diamond necklace perfect for any occasion.,733.29,Necklace,4.9,images/Necklace.jpg
Diamond Platinum Anklet,A beautiful Platinum anklet perfect for any occasion.,692.36,Anklet,4.4,images/Anklet.jpg
Golden Gold Anklet,A beautiful Gold anklet perfect for any occasion.,546.8,Anklet,4.6,images/Anklet.jpg
Stylish Gold Ring,A beautiful Gold ring perfect for any occasion.,469.28,Ring,4.5,images/Ring.jpg
Diamond Rose Gold Bracelet,A beautiful Rose Gold bracelet perfect for any occasion.,1106.19,Bracelet,3.0,images/Bracelet.jpg
Luxury Pearl Bracelet,A beautiful Pearl bracelet perfect for any occasion.,659.54,Bracelet,4.1,images/Bracelet.jpg
Stylish Gold Bracelet,A beautiful Gold bracelet perfect for any occasion.,888.01,Bracelet,4.0,images/Bracelet.jpg
Elegant Diamond Pendant,A beautiful Diamond pendant perfect for any occasion.,1136.3,Pendant,3.8,images/Pendant.jpg
Modern Diamond Earrings,A beautiful Diamond earrings perfect for any occasion.,1357.15,Earrings,4.9,images/Earrings.jpg
Luxury Diamond Anklet,A beautiful Diamond anklet perfect for any occasion.,1673.02,Anklet,3.9,images/Anklet.jpg
Diamond Pearl Pendant,A beautiful Pearl pendant perfect for any occasion.,1546.03,Pendant,4.9,images/Pendant.jpg
Luxury Gold Anklet,A beautiful Gold anklet perfect for any occasion.,66.35,Anklet,3.9,images/Anklet.jpg
Pearl Rose Gold Anklet,A beautiful Rose Gold anklet perfect for any occasion.,333.1,Anklet,3.7,images/Anklet.jpg
Modern Diamond Bracelet,A beautiful Diamond bracelet perfect for any occasion.,1255.78,Bracelet,4.7,images/Bracelet.jpg
Classic Rose Gold Earrings,A beautiful Rose Gold earrings perfect for any occasion.,979.53,Earrings,4.9,images/Earrings.jpg
Elegant Platinum Earrings,A beautiful Platinum earrings perfect for any occasion.,1188.15,Earrings,3.9,images/Earrings.jpg
Diamond Rose Gold Bracelet,A beautiful Rose Gold bracelet perfect for any occasion.,1244.0,Bracelet,4.2,images/Bracelet.jpg
Pearl Rose Gold Ring,A beautiful Rose Gold ring perfect for any occasion.,1196.78,Ring,3.9,images/Ring.jpg
Classic Pearl Anklet,A beautiful Pearl anklet perfect for any occasion.,1398.93,Anklet,3.1,images/Anklet.jpg
Stylish Gold Ring,A beautiful Gold ring perfect for any occasion.,1311.19,Ring,4.8,images/Ring.jpg
Modern Platinum Anklet,A beautiful Platinum anklet perfect for any occasion.,1029.95,Anklet,3.8,images/Anklet.jpg
Silver Platinum Necklace,A beautiful Platinum necklace perfect for any occasion.,827.43,Necklace,4.4,images/Necklace.jpg
Stylish Diamond Earrings,A beautiful Diamond earrings perfect for any occasion.,908.27,Earrings,4.9,images/Earrings.jpg
Modern Rose Gold Pendant,A beautiful Rose Gold pendant perfect for any occasion.,170.12,Pendant,3.1,images/Pendant.jpg
Luxury Diamond Bracelet,A beautiful Diamond bracelet perfect for any occasion.,277.71,Bracelet,3.6,images/Bracelet.jpg
Luxury Diamond Ring,A beautiful Diamond ring perfect for any occasion.,431.51,Ring,4.5,images/Ring.jpg
Elegant Gold Ring,A beautiful Gold ring perfect for any occasion.,664.92,Ring,4.0,images/Ring.jpg
Diamond Rose Gold Bracelet,A beautiful Rose Gold bracelet perfect for any occasion.,697.93,Bracelet,3.5,images/Bracelet.jpg
Luxury Pearl Necklace,A beautiful Pearl necklace perfect for any occasion.,230.46,Necklace,3.7,images/Necklace.jpg
Pearl Silver Bracelet,A beautiful Silver bracelet perfect for any occasion.,453.49,Bracelet,3.5,images/Bracelet.jpg
Trendy Rose Gold Necklace,A beautiful Rose Gold necklace perfect for any occasion.,1831.84,Necklace,3.0,images/Necklace.jpg
Modern Platinum Ring,A beautiful Platinum ring perfect for any occasion.,1880.7,Ring,3.5,images/Ring.jpg
Modern Diamond Earrings,A beautiful Diamond earrings perfect for any occasion.,885.27,Earrings,4.8,images/Earrings.jpg
Diamond Gold Ring,A beautiful Gold ring perfect for any occasion.,847.26,Ring,3.2,images/Ring.jpg
Trendy Platinum Pendant,A beautiful Platinum pendant perfect for any occasion.,351.77,Pendant,4.5,images/Pendant.jpg
Pearl Diamond Earrings,A beautiful Diamond earrings perfect for any occasion.,785.17,Earrings,3.4,images/Earrings.jpg
Pearl Silver Earrings,A beautiful Silver earrings perfect for any occasion.,314.91,Earrings,3.0,images/Earrings.jpg
Trendy Pearl Necklace,A beautiful Pearl necklace perfect for any occasion.,485.8,Necklace,4.3,images/Necklace.jpg
Modern Rose Gold Anklet,A beautiful Rose Gold anklet perfect for any occasion.,1996.25,Anklet,3.8,images/Anklet.jpg
Stylish Diamond Anklet,A beautiful Diamond anklet perfect for any occasion.,232.75,Anklet,4.0,images/Anklet.jpg
Classic Silver Anklet,A beautiful Silver anklet perfect for any occasion.,1590.87,Anklet,4.5,images/Anklet.jpg
Luxury Gold Anklet,A beautiful Gold anklet perfect for any occasion.,1042.97,Anklet,4.1,images/Anklet.jpg
Modern Platinum Necklace,A beautiful Platinum necklace perfect for any occasion.,754.93,Necklace,3.3,images/Necklace.jpg
Modern Silver Anklet,A beautiful Silver anklet perfect for any occasion.,1600.62,Anklet,3.5,images/Anklet.jpg
Luxury Pearl Earrings,A beautiful Pearl earrings perfect for any occasion.,1579.63,Earrings,4.5,images/Earrings.jpg
Modern Diamond Pendant,A beautiful Diamond pendant perfect for any occasion.,1178.29,Pendant,3.7,images/Pendant.jpg
Elegant Gold Earrings,A beautiful Gold earrings perfect for any occasion.,1390.27,Earrings,3.9,images/Earrings.jpg
Modern Pearl Anklet,A beautiful Pearl anklet perfect for any occasion.,1386.75,Anklet,4.1,images/Anklet.jpg
Classic Rose Gold Anklet,A beautiful Rose Gold anklet perfect for any occasion.,1140.31,Anklet,3.1,images/Anklet.jpg
Modern Gold Ring,A beautiful Gold ring perfect for any occasion.,327.99,Ring,4.9,images/Ring.jpg
Silver Rose Gold Bracelet,A beautiful Rose Gold bracelet perfect for any occasion.,420.32,Bracelet,4.6,images/Bracelet.jpg
Modern Rose Gold Bracelet,A beautiful Rose Gold bracelet perfect for any occasion.,1649.36,Bracelet,4.5,images/Bracelet.jpg
Silver Platinum Pendant,A beautiful Platinum pendant perfect for any occasion.,427.6,Pendant,4.1,images/Pendant.jpg
Elegant Rose Gold Earrings,A beautiful Rose Gold earrings perfect for any occasion.,1295.37,Earrings,3.0,images/Earrings.jpg
Silver Silver Bracelet,A beautiful Silver bracelet perfect for any occasion.,1748.97,Bracelet,3.9,images/Bracelet.jpg
Trendy Rose Gold Necklace,A beautiful Rose Gold necklace perfect for any occasion.,941.86,Necklace,3.1,images/Necklace.jpg
Elegant Silver Necklace,A beautiful Silver necklace perfect for any occasion.,351.36,Necklace,4.7,images/Necklace.jpg
Silver Gold Earrings,A beautiful Gold earrings perfect for any occasion.,1989.35,Earrings,4.9,images/Earrings.jpg
Modern Rose Gold Anklet,A beautiful Rose Gold anklet perfect for any occasion.,1529.96,Anklet,4.1,images/Anklet.jpg
Trendy Rose Gold Pendant,A beautiful Rose Gold pendant perfect for any occasion.,1123.33,Pendant,4.0,images/Pendant.jpg
Diamond Silver Necklace,A beautiful Silver necklace perfect for any occasion.,460.98,Necklace,3.9,images/Necklace.jpg
Modern Rose Gold Anklet,A beautiful Rose Gold anklet perfect for any occasion.,473.62,Anklet,4.4,images/Anklet.jpg
Luxury Diamond Anklet,A beautiful Diamond anklet perfect for any occasion.,512.06,Anklet,3.3,images/Anklet.jpg
Classic Diamond Ring,A beautiful Diamond ring perfect for any occasion.,1580.2,Ring,3.9,images/Ring.jpg
Luxury Rose Gold Earrings,A beautiful Rose Gold earrings perfect for any occasion.,887.96,Earrings,4.3,images/Earrings.jpg
Modern Pearl Ring,A beautiful Pearl ring perfect for any occasion.,1958.47,Ring,4.5,images/Ring.jpg
Silver Pearl Bracelet,A beautiful Pearl bracelet perfect for any occasion.,1436.45,Bracelet,5.0,images/Bracelet.jpg
Silver Rose Gold Ring,A beautiful Rose Gold ring perfect for any occasion.,318.2,Ring,3.5,images/Ring.jpg
Golden Diamond Necklace,A beautiful Diamond necklace perfect for any occasion.,1646.4,Necklace,4.2,images/Necklace.jpg
Trendy Rose Gold Earrings,A beautiful Rose Gold earrings perfect for any occasion.,779.62,Earrings,3.1,images/Earrings.jpg
Pearl Gold Ring,A beautiful Gold ring perfect for any occasion.,471.23,Ring,4.8,images/Ring.jpg
Luxury Platinum Necklace,A beautiful Platinum necklace perfect for any occasion.,380.24,Necklace,4.7,images/Necklace.jpg
Trendy Pearl Earrings,A beautiful Pearl earrings perfect for any occasion.,1427.62,Earrings,3.5,images/Earrings.jpg
Trendy Silver Ring,A beautiful Silver ring perfect for any occasion.,1901.11,Ring,4.7,images/Ring.jpg
Golden Gold Pendant,A beautiful Gold pendant perfect for any occasion.,382.84,Pendant,4.8,images/Pendant.jpg
Diamond Gold Anklet,A beautiful Gold anklet perfect for any occasion.,906.83,Anklet,3.7,images/Anklet.jpg
Luxury Silver Pendant,A beautiful Silver pendant perfect for any occasion.,528.43,Pendant,4.5,images/Pendant.jpg
Silver Pearl Anklet,A beautiful Pearl anklet perfect for any occasion.,142.95,Anklet,4.2,images/Anklet.jpg
Golden Silver Anklet,A beautiful Silver anklet perfect for any occasion.,701.62,Anklet,3.3,images/Anklet.jpg
Classic Silver Ring,A beautiful Silver ring perfect for any occasion.,640.03,Ring,3.0,images/Ring.jpg
Trendy Pearl Pendant,A beautiful Pearl pendant perfect for any occasion.,844.64,Pendant,3.6,images/Pendant.jpg
Golden Pearl Anklet,A beautiful Pearl anklet perfect for any occasion.,1742.41,Anklet,4.6,images/Anklet.jpg
Elegant Silver Bracelet,A beautiful Silver bracelet perfect for any occasion.,927.49,Bracelet,3.4,images/Bracelet.jpg
Diamond Pearl Bracelet,A beautiful Pearl bracelet perfect for any occasion.,942.58,Bracelet,4.2,images/Bracelet.jpg
Pearl Diamond Bracelet,A beautiful Diamond bracelet perfect for any occasion.,179.95,Bracelet,5.0,images/Bracelet.jpg
Elegant Pearl Ring,A beautiful Pearl ring perfect for any occasion.,86.28,Ring,4.9,images/Ring.jpg
Elegant Pearl Earrings,A beautiful Pearl earrings perfect for any occasion.,1393.86,Earrings,3.1,images/Earrings.jpg
Trendy Diamond Anklet,A beautiful Diamond anklet perfect for any occasion.,1609.07,Anklet,3.6,images/Anklet.jpg
Luxury Silver Earrings,A beautiful Silver earrings perfect for any occasion.,1488.49,Earrings,4.5,images/Earrings.jpg
Classic Silver Necklace,A beautiful Silver necklace perfect for any occasion.,1450.91,Necklace,4.3,images/Necklace.jpg
Trendy Pearl Pendant,A beautiful Pearl pendant perfect for any occasion.,1729.02,Pendant,3.4,images/Pendant.jpg
Diamond Platinum Anklet,A beautiful Platinum anklet perfect for any occasion.,1345.49,Anklet,4.2,images/Anklet.jpg
Trendy Silver Earrings,A beautiful Silver earrings perfect for any occasion.,1833.96,Earrings,4.7,images/Earrings.jpg
Modern Platinum Necklace,A beautiful Platinum necklace perfect for any occasion.,333.54,Necklace,4.9,images/Necklace.jpg
Elegant Diamond Pendant,A beautiful Diamond pendant perfect for any occasion.,836.73,Pendant,3.1,images/Pendant.jpg
Classic Rose Gold Earrings,A beautiful Rose Gold earrings perfect for any occasion.,590.53,Earrings,4.8,images/Earrings.jpg
Luxury Gold Necklace,A beautiful Gold necklace perfect for any occasion.,1545.74,Necklace,3.4,images/Necklace.jpg
Golden Rose Gold Ring,A beautiful Rose Gold ring perfect for any occasion.,1650.24,Ring,3.7,images/Ring.jpg
Pearl Platinum Earrings,A beautiful Platinum earrings perfect for any occasion.,1451.61,Earrings,3.4,images/Earrings.jpg
Stylish Silver Bracelet,A beautiful Silver bracelet perfect for any occasion.,1355.26,Bracelet,4.3,images/Bracelet.jpg
Luxury Gold Pendant,A beautiful Gold pendant perfect for any occasion.,240.66,Pendant,3.6,images/Pendant.jpg
Pearl Rose Gold Pendant,A beautiful Rose Gold pendant perfect for any occasion.,662.2,Pendant,3.5,images/Pendant.jpg
Stylish Gold Anklet,A beautiful Gold anklet perfect for any occasion.,728.74,Anklet,3.2,images/Anklet.jpg
Trendy Diamond Ring,A beautiful Diamond ring perfect for any occasion.,332.94,Ring,3.2,images/Ring.jpg
Trendy Diamond Earrings,A beautiful Diamond earrings perfect for any occasion.,503.61,Earrings,4.8,images/Earrings.jpg
Silver Diamond Bracelet,A beautiful Diamond bracelet perfect for any occasion.,1311.94,Bracelet,3.1,images/Bracelet.jpg
Diamond Pearl Anklet,A beautiful Pearl anklet perfect for any occasion.,1708.44,Anklet,3.2,images/Anklet.jpg
Elegant Diamond Anklet,A beautiful Diamond anklet perfect for any occasion.,465.39,Anklet,3.0,images/Anklet.jpg
Diamond Gold Ring,A beautiful Gold ring perfect for any occasion.,735.56,Ring,3.8,images/Ring.jpg
Diamond Pearl Pendant,A beautiful Pearl pendant perfect for any occasion.,991.23,Pendant,4.9,images/Pendant.jpg
Modern Silver Anklet,A beautiful Silver anklet perfect for any occasion.,772.73,Anklet,3.9,images/Anklet.jpg
Elegant Diamond Pendant,A beautiful Diamond pendant perfect for any occasion.,607.75,Pendant,4.0,images/Pendant.jpg
Pearl Platinum Earrings,A beautiful Platinum earrings perfect for any occasion.,1260.57,Earrings,4.6,images/Earrings.jpg
Diamond Platinum Ring,A beautiful Platinum ring perfect for any occasion.,1612.45,Ring,3.4,images/Ring.jpg
Silver Diamond Earrings,A beautiful Diamond earrings perfect for any occasion.,1716.29,Earrings,4.8,images/Earrings.jpg
Elegant Silver Ring,A beautiful Silver ring perfect for any occasion.,1244.58,Ring,4.6,images/Ring.jpg
Diamond Silver Pendant,A beautiful Silver pendant perfect for any occasion.,1857.83,Pendant,4.8,images/Pendant.jpg
Luxury Diamond Earrings,A beautiful Diamond earrings perfect for any occasion.,125.92,Earrings,4.0,images/Earrings.jpg
Golden Diamond Bracelet,A beautiful Diamond bracelet perfect for any occasion.,1456.65,Bracelet,3.3,images/Bracelet.jpg
Pearl Gold Pendant,A beautiful Gold pendant perfect for any occasion.,979.22,Pendant,3.6,images/Pendant.jpg
Pearl Rose Gold Anklet,A beautiful Rose Gold anklet perfect for any occasion.,1222.22,Anklet,4.8,images/Anklet.jpg
Silver Pearl Necklace,A beautiful Pearl necklace perfect for any occasion.,416.29,Necklace,5.0,images/Necklace.jpg
Modern Gold Bracelet,A beautiful Gold bracelet perfect for any occasion.,566.13,Bracelet,3.7,images/Bracelet.jpg
Golden Silver Necklace,A beautiful Silver necklace perfect for any occasion.,116.63,Necklace,3.5,images/Necklace.jpg
Classic Silver Anklet,A beautiful Silver anklet perfect for any occasion.,1282.51,Anklet,4.2,images/Anklet.jpg
Golden Rose Gold Anklet,A beautiful Rose Gold anklet perfect for any occasion.,1304.28,Anklet,3.4,images/Anklet.jpg
Diamond Rose Gold Earrings,A beautiful Rose Gold earrings perfect for any occasion.,1209.09,Earrings,4.0,images/Earrings.jpg
Stylish Diamond Necklace,A beautiful Diamond necklace perfect for any occasion.,624.37,Necklace,4.1,images/Necklace.jpg
Trendy Gold Ring,A beautiful Gold ring perfect for any occasion.,518.68,Ring,4.1,images/Ring.jpg
Golden Silver Bracelet,A beautiful Silver bracelet perfect for any occasion.,986.11,Bracelet,3.2,images/Bracelet.jpg
Pearl Silver Pendant,A beautiful Silver pendant perfect for any occasion.,956.27,Pendant,4.1,images/Pendant.jpg
Stylish Diamond Necklace,A beautiful Diamond necklace perfect for any occasion.,1337.35,Necklace,4.9,images/Necklace.jpg
Classic Diamond Ring,A beautiful Diamond ring perfect for any occasion.,334.76,Ring,4.2,images/Ring.jpg
Elegant Pearl Earrings,A beautiful Pearl earrings perfect for any occasion.,339.86,Earrings,4.3,images/Earrings.jpg
Golden Silver Bracelet,A beautiful Silver bracelet perfect for any occasion.,313.9,Bracelet,3.0,images/Bracelet.jpg
Pearl Silver Ring,A beautiful Silver ring perfect for any occasion.,985.31,Ring,3.7,images/Ring.jpg
Golden Silver Bracelet,A beautiful Silver bracelet perfect for any occasion.,1231.8,Bracelet,3.8,images/Bracelet.jpg
Golden Pearl Anklet,A beautiful Pearl anklet perfect for any occasion.,1322.74,Anklet,4.3,images/Anklet.jpg
Stylish Pearl Bracelet,A beautiful Pearl bracelet perfect for any occasion.,161.55,Bracelet,4.5,images/Bracelet.jpg
Golden Diamond Ring,A beautiful Diamond ring perfect for any occasion.,310.33,Ring,3.7,images/Ring.jpg
Diamond Gold Pendant,A beautiful Gold pendant perfect for any occasion.,730.87,Pendant,4.8,images/Pendant.jpg
Silver Rose Gold Pendant,A beautiful Rose Gold pendant perfect for any occasion.,1875.49,Pendant,4.7,images/Pendant.jpg
Modern Pearl Earrings,A beautiful Pearl earrings perfect for any occasion.,1198.26,Earrings,4.8,images/Earrings.jpg
Elegant Silver Anklet,A beautiful Silver anklet perfect for any occasion.,1247.86,Anklet,3.8,images/Anklet.jpg
Luxury Pearl Bracelet,A beautiful Pearl bracelet perfect for any occasion.,333.33,Bracelet,4.7,images/Bracelet.jpg
Luxury Silver Earrings,A beautiful Silver earrings perfect for any occasion.,859.32,Earrings,3.1,images/Earrings.jpg
Stylish Rose Gold Ring,A beautiful Rose Gold ring perfect for any occasion.,1544.27,Ring,3.5,images/Ring.jpg
Classic Silver Pendant,A beautiful Silver pendant perfect for any occasion.,829.17,Pendant,4.2,images/Pendant.jpg
Classic Silver Earrings,A beautiful Silver earrings perfect for any occasion.,439.07,Earrings,3.4,images/Earrings.jpg
Diamond Pearl Anklet,A beautiful Pearl anklet perfect for any occasion.,1041.48,Anklet,3.2,images/Anklet.jpg
Golden Silver Earrings,A beautiful Silver earrings perfect for any occasion.,311.05,Earrings,3.5,images/Earrings.jpg
Golden Gold Ring,A beautiful Gold ring perfect for any occasion.,646.79,Ring,5.0,images/Ring.jpg
Classic Pearl Anklet,A beautiful Pearl anklet perfect for any occasion.,1742.78,Anklet,3.9,images/Anklet.jpg
Pearl Rose Gold Pendant,A beautiful Rose Gold pendant perfect for any occasion.,907.12,Pendant,4.8,images/Pendant.jpg
Modern Pearl Necklace,A beautiful Pearl necklace perfect for any occasion.,1130.66,Necklace,3.9,images/Necklace.jpg
Stylish Silver Necklace,A beautiful Silver necklace perfect for any occasion.,1842.01,Necklace,4.5,images/Necklace.jpg
Classic Silver Bracelet,A beautiful Silver bracelet perfect for any occasion.,1595.84,Bracelet,4.3,images/Bracelet.jpg
Silver Diamond Earrings,A beautiful Diamond earrings perfect for any occasion.,1379.29,Earrings,3.6,images/Earrings.jpg
Elegant Diamond Bracelet,A beautiful Diamond bracelet perfect for any occasion.,597.55,Bracelet,5.0,images/Bracelet.jpg
Silver Gold Necklace,A beautiful Gold necklace perfect for any occasion.,909.94,Necklace,4.0,images/Necklace.jpg
Golden Pearl Earrings,A beautiful Pearl earrings perfect for any occasion.,1883.99,Earrings,4.5,images/Earrings.jpg
Modern Diamond Anklet,A beautiful Diamond anklet perfect for any occasion.,1628.24,Anklet,4.1,images/Anklet.jpg
Stylish Rose Gold Bracelet,A beautiful Rose Gold bracelet perfect for any occasion.,883.92,Bracelet,4.4,images/Bracelet.jpg
Stylish Rose Gold Ring,A beautiful Rose Gold ring perfect for any occasion.,194.13,Ring,4.1,images/Ring.jpg
Silver Pearl Earrings,A beautiful Pearl earrings perfect for any occasion.,1676.47,Earrings,4.0,images/Earrings.jpg
Diamond Gold Earrings,A beautiful Gold earrings perfect for any occasion.,1386.89,Earrings,3.5,images/Earrings.jpg
Modern Pearl Earrings,A beautiful Pearl earrings perfect for any occasion.,936.48,Earrings,3.6,images/Earrings.jpg
Golden Rose Gold Necklace,A beautiful Rose Gold necklace perfect for any occasion.,510.55,Necklace,4.9,images/Necklace.jpg
Diamond Platinum Bracelet,A beautiful Platinum bracelet perfect for any occasion.,844.38,Bracelet,4.0,images/Bracelet.jpg
Elegant Rose Gold Bracelet,A beautiful Rose Gold bracelet perfect for any occasion.,1365.28,Bracelet,3.5,images/Bracelet.jpg
Diamond Rose Gold Necklace,A beautiful Rose Gold necklace perfect for any occasion.,1661.12,Necklace,4.1,images/Necklace.jpg
Diamond Gold Ring,A beautiful Gold ring perfect for any occasion.,688.5,Ring,4.8,images/Ring.jpg
Silver Gold Ring,A beautiful Gold ring perfect for any occasion.,1477.19,Ring,4.8,images/Ring.jpg
Luxury Platinum Anklet,A beautiful Platinum anklet perfect for any occasion.,534.07,Anklet,3.4,images/Anklet.jpg
Classic Pearl Anklet,A beautiful Pearl anklet perfect for any occasion.,1956.44,Anklet,3.9,images/Anklet.jpg
Luxury Gold Anklet,A beautiful Gold anklet perfect for any occasion.,289.57,Anklet,3.1,images/Anklet.jpg
Trendy Silver Earrings,A beautiful Silver earrings perfect for any occasion.,1667.29,Earrings,3.1,images/Earrings.jpg
Luxury Platinum Anklet,A beautiful Platinum anklet perfect for any occasion.,121.56,Anklet,4.4,images/Anklet.jpg
Luxury Rose Gold Ring,A beautiful Rose Gold ring perfect for any occasion.,398.39,Ring,4.3,images/Ring.jpg
Trendy Platinum Necklace,A beautiful Platinum necklace perfect for any occasion.,1382.68,Necklace,3.1,images/Necklace.jpg
Elegant Rose Gold Anklet,A beautiful Rose Gold anklet perfect for any occasion.,707.57,Anklet,3.3,images/Anklet.jpg
Stylish Gold Anklet,A beautiful Gold anklet perfect for any occasion.,1316.26,Anklet,3.3,images/Anklet.jpg
Silver Pearl Earrings,A beautiful Pearl earrings perfect for any occasion.,146.51,Earrings,4.3,images/Earrings.jpg
Golden Rose Gold Earrings,A beautiful Rose Gold earrings perfect for any occasion.,605.36,Earrings,3.1,images/Earrings.jpg
Pearl Pearl Necklace,A beautiful Pearl necklace perfect for any occasion.,624.22,Necklace,4.1,images/Necklace.jpg
Silver Gold Necklace,A beautiful Gold necklace perfect for any occasion.,1471.97,Necklace,4.9,images/Necklace.jpg
Trendy Gold Necklace,A beautiful Gold necklace perfect for any occasion.,1489.72,Necklace,3.1,images/Necklace.jpg
Trendy Gold Earrings,A beautiful Gold earrings perfect for any occasion.,1692.64,Earrings,4.3,images/Earrings.jpg
Stylish Diamond Earrings,A beautiful Diamond earrings perfect for any occasion.,1669.69,Earrings,4.9,images/Earrings.jpg
Pearl Platinum Earrings,A beautiful Platinum earrings perfect for any occasion.,1179.15,Earrings,3.2,images/Earrings.jpg
Silver Diamond Ring,A beautiful Diamond ring perfect for any occasion.,67.39,Ring,3.8,images/Ring.jpg
Modern Pearl Pendant,A beautiful Pearl pendant perfect for any occasion.,998.01,Pendant,4.6,images/Pendant.jpg
Luxury Pearl Ring,A beautiful Pearl ring perfect for any occasion.,1169.14,Ring,4.8,images/Ring.jpg
Luxury Platinum Necklace,A beautiful Platinum necklace perfect for any occasion.,457.16,Necklace,4.6,images/Necklace.jpg
Silver Diamond Anklet,A beautiful Diamond anklet perfect for any occasion.,1284.72,Anklet,4.1,images/Anklet.jpg
Stylish Silver Anklet,A beautiful Silver anklet perfect for any occasion.,1931.71,Anklet,3.9,images/Anklet.jpg
Elegant Rose Gold Pendant,A beautiful Rose Gold pendant perfect for any occasion.,911.83,Pendant,4.1,images/Pendant.jpg
Stylish Pearl Pendant,A beautiful Pearl pendant perfect for any occasion.,1153.39,Pendant,4.2,images/Pendant.jpg
Diamond Rose Gold Anklet,A beautiful Rose Gold anklet perfect for any occasion.,1356.34,Anklet,5.0,images/Anklet.jpg
Elegant Pearl Bracelet,A beautiful Pearl bracelet perfect for any occasion.,249.8,Bracelet,3.8,images/Bracelet.jpg
Silver Silver Necklace,A beautiful Silver necklace perfect for any occasion.,1495.06,Necklace,4.6,images/Necklace.jpg
Classic Rose Gold Pendant,A beautiful Rose Gold pendant perfect for any occasion.,1056.18,Pendant,4.0,images/Pendant.jpg
Modern Rose Gold Anklet,A beautiful Rose Gold anklet perfect for any occasion.,1132.52,Anklet,4.8,images/Anklet.jpg
Diamond Diamond Bracelet,A beautiful Diamond bracelet perfect for any occasion.,449.71,Bracelet,3.7,images/Bracelet.jpg
Diamond Platinum Necklace,A beautiful Platinum necklace perfect for any occasion.,899.67,Necklace,3.1,images/Necklace.jpg
Pearl Pearl Bracelet,A beautiful Pearl bracelet perfect for any occasion.,614.22,Bracelet,3.3,images/Bracelet.jpg
Elegant Diamond Ring,A beautiful Diamond ring perfect for any occasion.,1110.73,Ring,4.0,images/Ring.jpg
Diamond Diamond Necklace,A beautiful Diamond necklace perfect for any occasion.,1475.45,Necklace,4.8,images/Necklace.jpg
Luxury Silver Bracelet,A beautiful Silver bracelet perfect for any occasion.,1387.97,Bracelet,4.3,images/Bracelet.jpg
Diamond Gold Necklace,A beautiful Gold necklace perfect for any occasion.,57.62,Necklace,3.8,images/Necklace.jpg
Luxury Platinum Earrings,A beautiful Platinum earrings perfect for any occasion.,113.52,Earrings,5.0,images/Earrings.jpg
Stylish Silver Pendant,A beautiful Silver pendant perfect for any occasion.,1635.41,Pendant,3.8,images/Pendant.jpg
Trendy Diamond Bracelet,A beautiful Diamond bracelet perfect for any occasion.,819.61,Bracelet,3.2,images/Bracelet.jpg
Golden Platinum Bracelet,A beautiful Platinum bracelet perfect for any occasion.,58.11,Bracelet,4.9,images/Bracelet.jpg
Luxury Pearl Anklet,A beautiful Pearl anklet perfect for any occasion.,147.69,Anklet,4.6,images/Anklet.jpg
Modern Gold Earrings,A beautiful Gold earrings perfect for any occasion.,1735.32,Earrings,4.2,images/Earrings.jpg
Trendy Diamond Necklace,A beautiful Diamond necklace perfect for any occasion.,1078.66,Necklace,4.7,images/Necklace.jpg
Elegant Diamond Bracelet,A beautiful Diamond bracelet perfect for any occasion.,424.27,Bracelet,4.3,images/Bracelet.jpg
Elegant Silver Necklace,A beautiful Silver necklace perfect for any occasion.,1243.18,Necklace,4.0,images/Necklace.jpg
Diamond Pearl Anklet,A beautiful Pearl anklet perfect for any occasion.,1643.63,Anklet,5.0,images/Anklet.jpg
Golden Platinum Earrings,A beautiful Platinum earrings perfect for any occasion.,636.49,Earrings,3.6,images/Earrings.jpg
Diamond Gold Ring,A beautiful Gold ring perfect for any occasion.,937.07,Ring,3.5,images/Ring.jpg
